,Mean p-values,Standard deviation p-values,Percentage of rejection of H0
0.08333333333333333,0.4057589582402246,0.31573968486513876,0.1484
0.16666666666666666,0.41018987461710177,0.3123096045404571,0.144
0.25,0.3006500828011902,0.2806068826904552,0.2324
0.3333333333333333,0.21753175141537637,0.24312644108282475,0.3396
0.4166666666666667,0.16926881167207758,0.2222399180202663,0.4476
0.5,0.13384385211925343,0.20006444438930604,0.5348
