,Mean p-values,Standard deviation p-values,Percentage of rejection of H0
0.08333333333333333,0.33676347847889054,0.29775300709920427,0.21
0.16666666666666666,0.3824822174226224,0.31006645414114997,0.1772
0.25,0.3109400922322168,0.29261100980616384,0.2426
0.3333333333333333,0.23909554503067057,0.2643576867310336,0.3344
0.4166666666666667,0.18017503561261036,0.23303263228153562,0.4324
0.5,0.14809966100880256,0.21387520738005383,0.523
