,Mean p-values,Standard deviation p-values,Percentage of rejection of H0
0.08333333333333333,0.3039285992215287,0.2881093960013781,0.244
0.16666666666666666,0.3908172340366948,0.31722180578293757,0.1726
0.25,0.3264192058151568,0.30216509390613316,0.238
0.3333333333333333,0.25677527603744293,0.270656902175496,0.3092
0.4166666666666667,0.19310479006278866,0.24265541937202043,0.4146
0.5,0.14713020183629782,0.21049755021301805,0.5008
