,Mean p-values,Standard deviation p-values,Percentage of rejection of H0
0.08333333333333333,0.07884315328350235,0.1251671748714387,0.6346
0.16666666666666666,0.288274341906587,0.29637457289766506,0.2982
0.25,0.1952578004932604,0.24577409906073264,0.403
0.3333333333333333,0.059320277344786836,0.1118125831937794,0.7108
0.4166666666666667,0.14446709828787815,0.17962659890225238,0.4232
0.5,0.0010287614254305606,0.005030044569053368,0.999
