,Mean p-values,Standard deviation p-values,Percentage of rejection of H0
0.08333333333333333,0.20050182303415262,0.17316459179991012,0.206
0.16666666666666666,0.03950516149243802,0.07894065630659158,0.7918
0.25,0.05357536259362107,0.08877322055942535,0.71
0.3333333333333333,0.02969110623239196,0.0470643782415567,0.8262
0.4166666666666667,0.2660667406402633,0.2277587498409323,0.1754
0.5,0.054878723748575796,0.08015867151286023,0.6748
