,Mean p-values,Standard deviation p-values,Percentage of rejection of H0
0.08333333333333333,0.31850524921896833,0.3090406118670327,0.2676
0.16666666666666666,0.43740730438004893,0.31408096411603187,0.1172
0.25,0.365225824584623,0.302062848735606,0.173
0.3333333333333333,0.2794899550076636,0.28283042496617083,0.2836
0.4166666666666667,0.21381298840778062,0.2636197598376442,0.4064
0.5,0.1690367371748009,0.23264584813679157,0.4842
