,Mean p-values,Standard deviation p-values,Percentage of rejection of H0
0.08333333333333333,0.11709133962193209,0.16475211695953315,0.5352
0.16666666666666666,0.30331066217472535,0.2925101581628615,0.2562
0.25,0.238937314810674,0.24482071452355877,0.2772
0.3333333333333333,0.3895207985490672,0.29108741599458726,0.1278
0.4166666666666667,0.3641887275269159,0.2740610908693037,0.1326
0.5,0.15891393156702174,0.1851016082220969,0.3824
