,Mean p-values,Standard deviation p-values,Percentage of rejection of H0
0.08333333333333333,0.37290687290401925,0.3116801789174036,0.207
0.16666666666666666,0.3139496245344864,0.2989565094470156,0.2496
0.25,0.25705465920882437,0.26035588921365865,0.2732
0.3333333333333333,0.24380339143660149,0.25452779001309395,0.2892
0.4166666666666667,0.2339247672796114,0.25108977928910753,0.3054
0.5,0.21440918886765198,0.2434255213964452,0.344
