,Mean p-values,Standard deviation p-values,Percentage of rejection of H0
0.08333333333333333,0.19356102146619733,0.24994097554077882,0.4498
0.16666666666666666,0.3285316879245327,0.287123720961976,0.2018
0.25,0.3286030091747852,0.2883258807976113,0.2022
0.3333333333333333,0.2715917463438753,0.27886615142257826,0.2946
0.4166666666666667,0.2225683072325761,0.26184300172311215,0.3794
0.5,0.18361307384802553,0.24586872221302686,0.4644
